sl_no,customer_id,date,amount
1,A1,2004-12-01,495414.75
2,A1,2004-03-01,245899.02
3,A1,2004-01-25,437555.12
4,A1,2005-01-17,165972.88
5,A1,2005-02-23,365366.62
6,A1,2005-02-01,14473.41
7,A8,2004-02-05,156913.59
8,A9,2005-02-28,417294.81
9,A10,2005-02-16,48759.19
10,A11,2005-02-23,208317.94
11,A12,2005-03-02,150281.43
12,A13,2006-04-02,339078.03
13,A14,2006-03-25,137834.5
14,A15,2006-03-31,437119.51
15,A16,2006-03-23,103923.7
16,A17,2004-03-19,408466.94
17,A18,2006-05-03,213352.06
18,A19,2005-04-04,347826.27
19,A20,2006-04-30,471099.22
20,A21,2004-04-25,380802.6
21,A22,2006-04-19,219264.02
22,A23,2004-06-04,80345.51
23,A24,2005-04-27,242730.35
24,A25,2004-05-05,246473.42
25,A26,2006-06-05,470982.16
26,A27,2005-07-05,357375.59
27,A28,2006-08-05,326050.15
28,A29,2005-09-05,215083.37
29,A30,2006-10-05,481343.32
30,A31,2006-11-07,130109.14
31,A32,2005-12-08,99528.43
32,A33,2004-09-13,2273.98
33,A34,2005-11-20,73899.28
34,A35,2006-11-21,135040.11
35,A36,2005-11-22,472033.29
36,A37,2004-11-23,345181.82
37,A38,2005-05-24,337727.51
38,A39,2005-05-25,27105.36
39,A40,2005-05-26,77876.87
40,A41,2005-05-27,493499.91
41,A42,2005-05-28,307896.6
42,A43,2005-05-29,214029.49
43,A44,2005-05-30,193865.45
44,A45,2005-05-31,412236.42
45,A46,2005-01-06,58285.12
46,A47,2005-02-06,165210.56
47,A48,2005-03-06,67748.66
48,A49,2005-03-07,172212.79
49,A50,2005-03-08,314859.52
50,A51,2005-03-09,205161.39
51,A52,2005-03-10,458495.13
52,A53,2005-03-11,384469.34
53,A54,2005-03-12,215719.14
54,A55,2006-03-01,465702.01
55,A56,2006-03-02,244372.73
56,A57,2006-03-03,167016.85
57,A58,2006-03-04,338653.47
58,A59,2006-03-05,426385.83
59,A60,2006-03-06,448060.59
60,A61,2006-03-07,141695.73
61,A60,2006-03-08,305642.34
62,A61,2006-03-09,117439.14
63,A62,2006-03-10,113270
64,A63,2006-03-11,211117.12
65,A64,2006-03-12,212614.48
66,A65,2004-12-01,468922.6
67,A66,2004-03-01,477039.78
68,A67,2004-01-15,67845.6
69,A68,2004-01-25,105098.26
70,A69,2005-01-17,140533.08
71,A70,2005-02-23,327639.37
72,A71,2005-01-02,30997.74
73,A72,2004-05-02,327006.94
74,A73,2005-02-28,100712.38
75,A74,2005-02-16,326559.01
76,A75,2005-02-23,481338.08
77,A76,2005-03-02,265619.05
78,A77,2006-04-02,3159.62
79,A78,2006-03-25,55344.81
80,A79,2006-03-31,193230.31
81,A80,2006-03-23,481205.64
82,A81,2006-03-24,207780.32
83,A82,2006-03-25,342200.74
84,A83,2006-03-26,132844.13
85,A84,2006-03-27,464121.13
86,A85,2006-03-28,270527.39
87,A86,2006-03-29,295851.47
88,A87,2006-03-30,462283.02
89,A88,2006-03-31,146821.3
90,A89,2006-01-04,497237.97
91,A90,2006-02-04,109931.32
92,A91,2006-03-04,247781
93,A92,2006-04-04,459105.69
94,A93,2004-12-01,342326.14
95,A94,2004-03-01,153465.89
96,A95,2004-01-15,369405.96
97,A96,2004-01-25,310992.3
98,A97,2004-12-01,121874.9
99,A98,2004-03-01,337815.57
100,A99,2004-01-15,25682.73
101,A100,2004-01-25,69551.19
102,A1,2004-12-01,350446.82
103,A2,2004-03-01,185955.07
104,A3,2004-01-15,84876.34
105,A4,2004-01-25,299143.09
106,A5,2004-12-01,185530.18
107,A6,2004-03-01,478981.53
108,A7,2004-01-15,192775.99
109,A8,2004-12-01,350999.98
110,A9,2004-03-01,40869.43
111,A10,2004-01-15,397059.17
112,A11,2004-01-25,458474.93
113,A12,2005-01-17,13379.96
114,A13,2005-02-23,462058.63
115,A14,2005-01-02,262549.83
116,A1,2004-05-02,117964.43
117,A2,2005-02-28,412783.34
118,A3,2005-02-16,435829.71
119,A4,2005-02-23,167988.37
120,A5,2005-03-02,165348.26
121,A6,2006-04-02,387298.06
122,A7,2006-03-25,94582.65
123,A8,2006-03-31,155642.95
124,A9,2006-03-23,102190.34
125,A10,2004-03-19,11900.61
126,A11,2006-05-03,149947.54
127,A12,2005-04-04,171574.18
128,A13,2006-04-30,160898.98
129,A14,2004-04-25,453661.84
130,A1,2006-04-19,79849.19
131,A2,2004-06-04,148038.67
132,A3,2005-04-27,336323.41
133,A4,2004-05-05,257762.74
134,A5,2006-06-05,31781.24
135,A6,2005-07-05,218856.15
136,A7,2006-08-05,85745.75
137,A8,2005-09-05,145457.38
138,A9,2006-10-05,170988.06
139,A10,2006-11-07,358194.65
140,A11,2005-12-08,332677.61
141,A12,2004-09-13,289407.01
142,A13,2005-11-20,137903.91
143,A14,2006-11-21,22692.95
144,A1,2005-11-22,402099.78
145,A2,2004-11-23,179144.68
146,A3,2005-05-24,136493.67
147,A4,2005-05-25,26925.53
148,A5,2004-05-05,8797.07
149,A6,2006-06-05,54065.23
150,A7,2005-07-05,67065.56
151,A8,2006-08-05,361184.89
152,A9,2005-09-05,136969.63
153,A10,2006-10-05,14301.86
154,A11,2006-11-07,128484.37
155,A12,2005-12-08,120471.17
156,A13,2004-09-13,439840.91
157,A14,2005-11-20,397945.07
158,A1,2006-11-21,169358.4
159,A2,2005-11-22,10274
160,A3,2004-11-23,233364.46
161,A4,2005-05-24,358341.19
162,A5,2005-05-25,326532.48
163,A6,2005-05-26,119216.68
164,A7,2005-05-27,401337.63
165,A8,2005-05-28,355979.34
166,A9,2005-05-29,203517.42
167,A10,2005-05-30,192550.99
168,A11,2005-05-31,354172.42
169,A12,2005-01-06,450664.18
170,A13,2005-02-06,210782.51
171,A14,2005-03-06,9887.74
172,A1,2005-03-07,297176.74
173,A2,2005-03-08,381635.66
174,A3,2005-03-09,369413.74
175,A4,2005-03-10,373214.8
176,A5,2005-03-11,81884.13
177,A6,2005-03-12,27398.18
178,A7,2006-03-01,94004.28
179,A8,2006-03-02,490957.38
180,A9,2006-03-03,274545.23
181,A10,2006-03-04,18330.89
182,A11,2006-03-05,379240.77
183,A12,2006-03-06,75561.64
184,A13,2006-03-07,424603.55
185,A14,2006-03-08,198623.13
186,A1,2006-03-09,186427.5
187,A2,2006-03-10,298423.86
188,A3,2006-03-11,233945.84
189,A4,2006-03-12,277825.13
190,A5,2004-12-01,213056.83
191,A6,2004-03-01,192714.74
192,A7,2004-01-15,441906.93
193,A8,2004-01-25,103325.39
194,A9,2005-01-17,429340.01
195,A10,2005-02-23,179019.64
196,A11,2005-01-02,92573.47
197,A12,2004-05-02,412914.78
198,A13,2005-02-28,464781.64
199,A14,2005-02-16,335634.81
200,A1,2005-02-23,96670.7
201,A2,2005-03-02,431953.19
202,A3,2006-04-02,288900.12
203,A4,2006-03-25,271095.26
204,A5,2006-03-31,175514.06
205,A6,2006-03-23,197962.09
206,A7,2006-03-24,86674.88
207,A8,2006-03-25,31802.4
208,A9,2006-03-26,299793.75
209,A10,2006-03-27,458643.68
210,A11,2006-03-28,358690.48
211,A12,2006-03-29,239672.94
212,A13,2006-03-30,113956.32
213,A14,2006-03-31,267810.55
214,A1,2006-01-04,429099.97
215,A2,2006-02-04,339899.24
216,A3,2006-03-04,79705.12
217,A4,2006-04-04,100644.99
218,A5,2004-12-01,333037.8
219,A6,2004-03-01,385541.49
220,A7,2004-01-15,158436.47
221,A8,2004-01-25,475525.36
222,A9,2004-12-01,39314.91
223,A10,2004-03-01,307678.72
224,A11,2004-01-15,69513.3
225,A12,2004-01-25,219352.84
226,A13,2004-12-01,465305.81
227,A14,2004-03-01,312439.76
228,A1,2004-01-15,453027.64
229,A2,2004-01-25,298200.38
230,A3,2004-12-01,327273.46
231,A4,2004-03-01,15557.49
232,A5,2004-01-15,156388.37
233,A6,2004-12-01,187436.58
234,A7,2004-03-01,110225.07
235,A8,2004-01-15,168524.22
236,A9,2004-01-25,184923.45
237,A10,2005-01-17,211299.62
238,A11,2005-02-23,442370.14
239,A12,2005-01-02,400450.57
240,A13,2004-05-02,269503.29
241,A14,2005-02-28,177114.2
242,A1,2005-02-16,187398.64
243,A2,2005-02-23,132970.25
244,A3,2005-03-02,104406.96
245,A4,2006-04-02,357358.11
246,A5,2006-03-25,175413.18
247,A6,2006-03-31,236055.93
248,A7,2006-03-23,47988.31
249,A8,2004-03-19,371681.75
250,A9,2006-05-03,309755.6
251,A10,2005-04-04,3121.88
252,A11,2006-04-30,116375.65
253,A12,2004-04-25,429751.89
254,A13,2006-04-19,333493.42
255,A14,2004-06-04,358920.36
256,A5,2005-04-27,7276.6
257,A6,2004-05-05,48574.15
258,A7,2006-06-05,400375.97
259,A8,2005-07-05,470274.39
260,A9,2006-08-05,87585.98
261,A10,2005-09-05,26944.61
262,A11,2006-10-05,332077.52
263,A12,2006-11-07,344969.11
264,A13,2005-12-08,444905.55
265,A14,2004-05-05,212622.51
266,A15,2006-06-05,321684.83
267,A16,2005-07-05,27330.96
268,A17,2006-08-05,234053.99
269,A18,2005-09-05,402894.96
270,A19,2006-10-05,284384.54
271,A20,2006-11-07,125789.06
272,A21,2005-12-08,394173.66
273,A22,2004-09-13,3604.58
274,A5,2005-11-20,478284.25
275,A6,2006-11-21,53215.28
276,A7,2005-11-22,55108.71
277,A8,2004-11-23,453649.34
278,A9,2005-05-24,143557.98
279,A10,2005-05-25,160893.32
280,A11,2005-05-26,288831.59
281,A12,2005-05-27,198563.01
282,A13,2005-05-28,309835.5
283,A14,2005-05-29,243922.47
284,A15,2005-05-30,365542.48
285,A16,2005-05-31,398262.74
286,A17,2005-01-06,160665.44
287,A18,2005-02-06,268556.31
288,A19,2005-03-06,55869.98
289,A20,2005-03-07,12311.27
290,A21,2005-03-08,442316.54
291,A22,2005-03-09,362182.7
292,A5,2005-03-10,106289.18
293,A6,2005-03-11,339019.52
294,A7,2005-03-12,429700.12
295,A8,2006-03-01,375175.23
296,A9,2006-03-02,66920.41
297,A10,2006-03-03,249847.34
298,A11,2006-03-04,342159.77
299,A12,2006-03-05,475049.52
300,A13,2006-03-06,186555.52
301,A14,2006-03-07,41962.19
302,A15,2006-03-08,17981.25
303,A16,2006-03-09,339373.25
304,A17,2006-03-10,412459.19
305,A18,2006-03-11,195876.51
306,A19,2006-03-12,169987.85
307,A20,2004-12-01,375694.96
308,A21,2004-03-01,210427.78
309,A22,2004-01-15,429311.06
310,A5,2004-01-25,129317.21
311,A6,2005-01-17,192374.09
312,A7,2005-02-23,344628.72
313,A8,2005-01-02,190048.24
314,A9,2004-05-02,492608.93
315,A10,2005-02-28,424254.68
316,A11,2005-02-16,326527.71
317,A12,2005-02-23,458617.08
318,A13,2005-03-02,217347.65
319,A14,2006-04-02,6804.22
320,A15,2006-03-25,262100.76
321,A16,2006-03-31,13804.36
322,A17,2006-03-23,444996.81
323,A18,2006-03-24,441039.88
324,A19,2006-03-25,190212.08
325,A20,2006-03-26,179826.1
326,A21,2006-03-27,351450.1
327,A22,2006-03-28,281567.68
328,A5,2006-03-29,365777.46
329,A6,2006-03-30,255499.69
330,A7,2006-03-31,336264.37
331,A8,2006-01-04,127926.49
332,A9,2006-02-04,43323.9
333,A10,2006-03-04,457294.64
334,A11,2006-04-04,499930.66
335,A12,2004-12-01,366694.13
336,A13,2004-03-01,294101.71
337,A14,2004-01-15,238399.45
338,A15,2004-01-25,129808.72
339,A16,2004-12-01,484624.19
340,A17,2004-03-01,104323.71
341,A18,2004-01-15,406501.59
342,A19,2004-01-25,57524.44
343,A20,2004-12-01,153540.16
344,A21,2004-03-01,432751.25
345,A22,2004-01-15,363041.33
346,A5,2004-01-25,100258.65
347,A6,2004-12-01,377254.32
348,A7,2004-03-01,473662.61
349,A8,2004-01-15,493210.52
350,A9,2004-12-01,443277.34
351,A10,2004-03-01,175552.03
352,A11,2004-01-15,430568.16
353,A12,2004-01-25,330807.79
354,A13,2005-01-17,386518.41
355,A14,2005-02-23,350149.89
356,A15,2005-01-02,194420.82
357,A16,2004-05-02,50358.44
358,A17,2005-02-28,374865.01
359,A18,2005-02-16,38296.41
360,A19,2005-02-23,477491.51
361,A20,2005-03-02,220681.41
362,A21,2006-04-02,406096.67
363,A22,2006-03-25,257321.06
364,A12,2006-03-31,393141.72
365,A13,2006-03-23,170743.97
366,A14,2004-03-19,425031.99
367,A15,2006-05-03,33491.82
368,A16,2005-04-04,338710.86
369,A17,2006-04-30,391463.29
370,A18,2004-04-25,250429.66
371,A19,2006-04-19,313391.53
372,A20,2004-06-04,347978.28
373,A21,2005-04-27,18883.95
374,A22,2004-05-05,152613.38
375,A23,2006-06-05,234139.72
376,A24,2005-07-05,259373.49
377,A25,2006-08-05,452685.93
378,A26,2005-09-05,141279.81
379,A27,2006-10-05,351660.46
380,A28,2006-11-07,319405.61
381,A29,2005-12-08,192737.48
382,A30,2004-05-05,496754.84
383,A12,2006-06-05,16888.1
384,A13,2005-07-05,87254.42
385,A14,2006-08-05,301965.95
386,A15,2005-09-05,356235.03
387,A16,2006-10-05,143835
388,A17,2006-11-07,118112.45
389,A18,2005-12-08,274256.9
390,A19,2004-09-13,384470.75
391,A20,2005-11-20,277757.25
392,A21,2006-11-21,269546.03
393,A22,2005-11-22,41542.81
394,A23,2004-11-23,466178.21
395,A24,2005-05-24,380788.59
396,A25,2005-05-25,72601.74
397,A26,2005-05-26,149479.43
398,A27,2005-05-27,130828.49
399,A28,2005-05-28,76099.18
400,A29,2005-05-29,131801.93
401,A30,2005-05-30,337199.44
402,A12,2005-05-31,294136.82
403,A13,2005-01-06,439763.88
404,A14,2005-02-06,31241.24
405,A15,2005-03-06,49334.38
406,A16,2005-03-07,367100.15
407,A17,2005-03-08,98341.04
408,A18,2005-03-09,168067.16
409,A19,2005-03-10,140415.33
410,A20,2005-03-11,342030.38
411,A21,2005-03-12,489260.28
412,A22,2006-03-01,326909.16
413,A23,2006-03-02,112063.91
414,A24,2006-03-03,335283.31
415,A25,2006-03-04,456294.79
416,A26,2006-03-05,489138.12
417,A27,2006-03-06,484419.68
418,A28,2006-03-07,61054.79
419,A29,2006-03-08,341365.93
420,A30,2006-03-09,19761.75
421,A12,2006-03-10,347528.59
422,A13,2006-03-11,484688.54
423,A14,2006-03-12,388821.96
424,A15,2004-12-01,487671.4
425,A16,2004-03-01,262142.78
426,A17,2004-01-15,149552.7
427,A18,2004-01-25,355305.57
428,A19,2005-01-17,94479.51
429,A20,2005-02-23,213741.25
430,A21,2005-01-02,330195
431,A22,2004-05-02,49814.89
432,A23,2005-02-28,312943.16
433,A24,2005-02-16,86589.13
434,A25,2005-02-23,307615.7
435,A26,2005-03-02,313118.51
436,A27,2006-04-02,87030.86
437,A28,2006-03-25,395095.33
438,A29,2006-03-31,355632.86
439,A30,2006-03-23,20888.41
440,A12,2006-03-24,98470.42
441,A13,2006-03-25,494061.6
442,A14,2006-03-26,138459.02
443,A15,2006-03-27,340251.99
444,A16,2006-03-28,89550.41
445,A17,2006-03-29,169871.3
446,A18,2006-03-30,375344.31
447,A19,2006-03-31,157933.51
448,A20,2006-01-04,406103.51
449,A21,2006-02-04,410448.18
450,A22,2006-03-04,92140.92
451,A23,2006-04-04,128909.28
452,A24,2004-12-01,24111.18
453,A25,2004-03-01,86317.08
454,A26,2004-01-15,182526.38
455,A27,2004-01-25,255497.88
456,A28,2004-12-01,97077.77
457,A29,2004-03-01,156232.92
458,A30,2004-01-15,100398.67
459,A12,2004-01-25,204117.58
460,A13,2004-12-01,369976.86
461,A14,2004-03-01,302408.5
462,A15,2004-01-15,384183.76
463,A16,2004-01-25,203703.32
464,A17,2004-12-01,426479.22
465,A18,2004-03-01,457966.08
466,A19,2004-01-15,20114.19
467,A20,2004-12-01,267679.45
468,A21,2004-03-01,302056.88
469,A22,2004-01-15,483926.54
470,A23,2004-01-25,348942.77
471,A24,2005-01-17,103062.14
472,A25,2005-02-23,36151.25
473,A26,2005-01-02,324151.44
474,A27,2004-05-02,429484.76
475,A28,2005-02-28,207864.32
476,A29,2005-02-16,237536.35
477,A30,2005-02-23,299295.58
478,A12,2005-03-02,59062.67
479,A13,2006-04-02,142996.22
480,A14,2006-03-25,253549.89
481,A15,2006-03-31,301570.02
482,A16,2006-03-23,206863.77
483,A17,2004-03-19,255335.34
484,A18,2006-05-03,323868.57
485,A19,2005-04-04,115795.63
486,A20,2006-04-30,349408.06
487,A21,2004-04-25,66949.5
488,A22,2006-04-19,452164.81
489,A23,2004-06-04,24735.08
490,A24,2005-04-27,165490.33
491,A25,2004-05-05,298699.17
492,A26,2006-06-05,456060.27
493,A27,2005-07-05,81523.05
494,A28,2006-08-05,130708.63
495,A29,2005-09-05,69504.56
496,A30,2006-10-05,163228.8
497,A12,2006-11-07,358958.58
498,A13,2005-12-08,206967.38
499,A14,2004-05-05,326909.73
500,A15,2006-06-05,477194.24
501,A16,2005-07-05,2787.39
502,A17,2006-08-05,148827.7
503,A18,2005-09-05,211590.61
504,A19,2006-10-05,412244.29
505,A20,2006-11-07,99511.67
506,A21,2005-12-08,485424.14
507,A22,2004-09-13,191467.49
508,A23,2005-11-20,265581.61
509,A24,2006-11-21,103932.9
510,A25,2005-11-22,1619.24
511,A26,2004-11-23,82167.81
512,A27,2005-05-24,447235.93
513,A28,2005-05-25,400330.36
514,A29,2005-05-26,192642.32
515,A30,2005-05-27,303233.96
516,A12,2005-05-28,63596.17
517,A13,2005-05-29,235510.83
518,A14,2005-05-30,332865.97
519,A15,2005-05-31,433112.39
520,A16,2005-01-06,92055.06
521,A17,2005-02-06,97272.34
522,A18,2005-03-06,238013.48
523,A19,2005-03-07,281361.68
524,A20,2005-03-08,213205.01
525,A21,2005-03-09,449509.39
526,A22,2005-03-10,124904.98
527,A23,2005-03-11,137240.13
528,A24,2005-03-12,385470.83
529,A25,2006-03-01,349067.75
530,A26,2006-03-02,495344.76
531,A27,2006-03-03,496780.73
532,A28,2006-03-04,115326.71
533,A29,2006-03-05,403498.49
534,A30,2006-03-06,72609.24
535,A12,2006-03-07,498001.25
536,A13,2006-03-08,221431.58
537,A14,2006-03-09,462300.8
538,A15,2006-03-10,227585.03
539,A16,2006-03-11,260514.95
540,A17,2006-03-12,479227.3
541,A18,2004-12-01,1240.63
542,A19,2004-03-01,158594.82
543,A20,2004-01-15,337926.07
544,A21,2004-01-25,269674.17
545,A22,2005-01-17,446974.62
546,A23,2005-02-23,370797.38
547,A24,2005-01-02,273630.94
548,A25,2004-05-02,287936.59
549,A26,2005-02-28,165385.61
550,A27,2005-02-16,324598.4
551,A28,2005-02-23,15573.54
552,A29,2005-03-02,33109.51
553,A30,2006-04-02,314255.73
554,A12,2006-03-25,269849.09
555,A13,2006-03-31,404807.16
556,A14,2006-03-23,460200.56
557,A15,2006-03-24,364161.98
558,A16,2006-03-25,472718.78
559,A17,2006-03-26,422159.88
560,A18,2006-03-27,264902.72
561,A19,2006-03-28,48272.44
562,A20,2006-03-29,142558.46
563,A21,2006-03-30,402301.36
564,A22,2006-03-31,53130.91
565,A23,2006-01-04,184416.22
566,A24,2006-02-04,9683.68
567,A25,2006-03-04,410333.09
568,A26,2006-04-04,410658.92
569,A27,2004-12-01,108626.21
570,A28,2004-03-01,86854.18
571,A29,2004-01-15,417309.91
572,A30,2004-01-25,279113.63
573,A12,2004-12-01,86034.88
574,A13,2004-03-01,498284.19
575,A14,2004-01-15,139867.16
576,A15,2004-01-25,49838.73
577,A16,2004-12-01,121382.43
578,A17,2004-03-01,81290.11
579,A18,2004-01-15,90352.08
580,A19,2004-01-25,170824.09
581,A20,2004-12-01,59829.23
582,A21,2004-03-01,415697.29
583,A22,2004-01-15,394532.35
584,A23,2004-12-01,429309.45
585,A24,2004-03-01,224689.44
586,A25,2004-01-15,135309.38
587,A26,2004-01-25,333890.37
588,A27,2005-01-17,42552.74
589,A28,2005-02-23,426460.05
590,A29,2005-01-02,266951.86
591,A30,2004-05-02,102510.03
592,A12,2005-02-28,496791.06
593,A13,2005-02-16,154042.69
594,A14,2005-02-23,350670.39
595,A15,2005-03-02,322123.69
596,A16,2006-04-02,280785.41
597,A17,2006-03-25,306611.23
598,A18,2006-03-31,332113.54
599,A19,2006-03-23,117175.37
600,A20,2004-03-19,240282.7
601,A21,2006-05-03,113636.1
602,A22,2005-04-04,307593.35
603,A23,2006-04-30,158368.48
604,A24,2004-04-25,12372.91
605,A25,2006-04-19,194783.4
606,A26,2004-06-04,147773.68
607,A27,2005-04-27,379529.81
608,A28,2004-05-05,210543.47
609,A29,2006-06-05,74572.22
610,A30,2005-07-05,262119.88
611,A21,2006-08-05,33868.33
612,A22,2005-09-05,445154.23
613,A23,2006-10-05,475136.67
614,A24,2006-11-07,380333.3
615,A25,2005-12-08,1168.46
616,A26,2004-05-05,130658.98
617,A27,2006-06-05,63250.72
618,A28,2005-07-05,360059.59
619,A29,2006-08-05,482778.64
620,A30,2005-09-05,398904.74
621,A31,2006-10-05,121736.19
622,A32,2006-11-07,137150.37
623,A33,2005-12-08,365544.42
624,A34,2004-09-13,81344.52
625,A35,2005-11-20,267856.63
626,A36,2006-11-21,299638.45
627,A37,2005-11-22,316995.07
628,A38,2004-11-23,171777.74
629,A39,2005-05-24,363232.95
630,A40,2005-05-25,302665.85
631,A41,2005-05-26,113162.1
632,A42,2005-05-27,426214.94
633,A43,2005-05-28,490814.79
634,A44,2005-05-29,93910.42
635,A45,2005-05-30,332112.62
636,A46,2005-05-31,469524.73
637,A47,2005-01-06,277615.5
638,A48,2005-02-06,103166.71
639,A49,2005-03-06,37377.35
640,A21,2005-03-07,108209.03
641,A22,2005-03-08,169341.46
642,A23,2005-03-09,199221.99
643,A24,2005-03-10,98261.85
644,A25,2005-03-11,188563.47
645,A26,2005-03-12,417177.67
646,A27,2006-03-01,183103.78
647,A28,2006-03-02,318811.88
648,A29,2006-03-03,410086.11
649,A30,2006-03-04,425694.16
650,A31,2006-03-05,85880.99
651,A32,2006-03-06,284410.26
652,A33,2006-03-07,428595.18
653,A34,2006-03-08,205246.85
654,A35,2006-03-09,249105.03
655,A36,2006-03-10,234343.03
656,A37,2006-03-11,334631.4
657,A38,2006-03-12,492660.82
658,A39,2004-12-01,223330.14
659,A40,2004-03-01,438201.47
660,A41,2004-01-15,476997.06
661,A42,2004-01-25,229410.31
662,A43,2005-01-17,71540.68
663,A44,2005-02-23,136296.24
664,A45,2005-01-02,482338.57
665,A46,2004-05-02,208860.85
666,A47,2005-02-28,118461.94
667,A48,2005-02-16,174298.33
668,A49,2005-02-23,114620.09
669,A21,2005-03-02,395046.54
670,A22,2006-04-02,351039.48
671,A23,2006-03-25,236830
672,A24,2006-03-31,285039.38
673,A25,2006-03-23,118227.35
674,A26,2006-03-24,70579.41
675,A27,2006-03-25,148498.19
676,A28,2006-03-26,289699.71
677,A29,2006-03-27,260894.74
678,A30,2006-03-28,32985.28
679,A31,2006-03-29,313756.71
680,A32,2006-03-30,267750.16
681,A33,2006-03-31,244831.61
682,A34,2006-01-04,252926.33
683,A35,2006-02-04,256474.98
684,A36,2006-03-04,315988.94
685,A37,2006-04-04,477730.54
686,A38,2004-12-01,258847.78
687,A39,2004-03-01,28494.84
688,A40,2004-01-15,312510.63
689,A41,2004-01-25,2456.87
690,A42,2004-12-01,401363.29
691,A43,2004-03-01,37972.68
692,A44,2004-01-15,106403.79
693,A45,2004-01-25,161244.47
694,A46,2004-12-01,148034.6
695,A47,2004-03-01,306927.84
696,A48,2004-01-15,66771.24
697,A49,2004-01-25,406925.14
698,A21,2004-12-01,395183.42
699,A22,2004-03-01,483245.51
700,A23,2004-01-15,456468.39
701,A24,2004-12-01,115178.7
702,A25,2004-03-01,274473.27
703,A26,2004-01-15,79160.72
704,A27,2004-01-25,16992.28
705,A28,2005-01-17,451169.45
706,A29,2005-02-23,4220.25
707,A30,2005-01-02,289028.69
708,A31,2004-05-02,407599.13
709,A32,2005-02-28,418896.84
710,A33,2005-02-16,342468.09
711,A34,2005-02-23,53182.46
712,A35,2005-03-02,202740.17
713,A36,2006-04-02,350414.18
714,A37,2006-03-25,378310.73
715,A38,2006-03-31,339553.1
716,A39,2006-03-23,176347.5
717,A40,2004-03-19,398063.76
718,A41,2006-05-03,87417.47
719,A42,2005-04-04,173199.87
720,A43,2006-04-30,277006.96
721,A44,2004-04-25,84514.47
722,A45,2006-04-19,176703.42
723,A46,2004-06-04,249310.63
724,A47,2005-04-27,348992.15
725,A48,2004-05-05,454762.77
726,A49,2006-06-05,91731.58
727,A21,2005-07-05,22402.48
728,A22,2006-08-05,165572.81
729,A23,2005-09-05,240751.23
730,A24,2006-10-05,1370.84
731,A25,2006-11-07,221121.56
732,A26,2005-12-08,398164.37
733,A27,2004-05-05,423643.87
734,A28,2006-06-05,473313.07
735,A29,2005-07-05,161197.38
736,A30,2006-08-05,49201.73
737,A31,2005-09-05,438848.56
738,A32,2006-10-05,18858.86
739,A33,2006-11-07,396124.84
740,A34,2005-12-08,293209.49
741,A35,2004-09-13,31811.8
742,A36,2005-11-20,367209.15
743,A37,2006-11-21,244040.85
744,A38,2005-11-22,136309.34
745,A39,2004-11-23,21716.06
746,A40,2005-05-24,194880.87
747,A41,2005-05-25,21440.76
748,A42,2005-05-26,367320.11
749,A43,2005-05-27,81721.01
750,A44,2005-05-28,364007.57
751,A45,2005-05-29,423236.29
752,A46,2005-05-30,373651.3
753,A47,2005-05-31,174878.11
754,A48,2005-01-06,248235.37
755,A49,2005-02-06,329224.73
756,A21,2005-03-06,212853.99
757,A22,2005-03-07,238688.54
758,A23,2005-03-08,170028.69
759,A24,2005-03-09,428164.73
760,A25,2005-03-10,129668.84
761,A26,2005-03-11,173747.26
762,A27,2005-03-12,136860.63
763,A28,2006-03-01,84875.95
764,A29,2006-03-02,85329.7
765,A30,2006-03-03,120377.58
766,A31,2006-03-04,13054.67
767,A32,2006-03-05,62569.1
768,A33,2006-03-06,448965.39
769,A34,2006-03-07,175103.69
770,A35,2006-03-08,221873.36
771,A36,2006-03-09,406166.71
772,A37,2006-03-10,86820.21
773,A38,2006-03-11,138714.56
774,A39,2006-03-12,278687.47
775,A40,2004-12-01,472094.9
776,A41,2004-03-01,192378.3
777,A42,2004-01-15,343606.96
778,A43,2004-01-25,109536.84
779,A44,2005-01-17,464352.17
780,A45,2005-02-23,220739.59
781,A46,2005-01-02,44231.79
782,A47,2004-05-02,288568.47
783,A48,2005-02-28,334597.29
784,A49,2005-02-16,81704.61
785,A21,2005-02-23,22190.97
786,A22,2005-03-02,206706.51
787,A23,2006-04-02,72917.32
788,A24,2006-03-25,263585.99
789,A25,2006-03-31,341838.81
790,A26,2006-03-23,265322.98
791,A27,2006-03-24,133747.43
792,A28,2006-03-25,471171.45
793,A29,2006-03-26,94555.26
794,A30,2006-03-27,140229.15
795,A31,2006-03-28,31679.04
796,A32,2006-03-29,219307.12
797,A33,2006-03-30,447698.41
798,A34,2006-03-31,28854.14
799,A35,2006-01-04,195290.2
800,A36,2006-02-04,347224.98
801,A37,2006-03-04,495000.17
802,A38,2006-04-04,100184.71
803,A39,2004-12-01,310821.09
804,A40,2004-03-01,64718.16
805,A41,2004-01-15,145610.32
806,A42,2004-01-25,3813.53
807,A43,2004-12-01,223619.33
808,A44,2004-03-01,361549.52
809,A45,2004-01-15,88484.85
810,A46,2004-01-25,402047.86
811,A47,2004-12-01,412657.79
812,A48,2004-03-01,99492.68
813,A49,2004-01-15,83204.61
814,A21,2004-01-25,41154.52
815,A22,2004-12-01,420589.21
816,A23,2004-03-01,302707.38
817,A24,2004-01-15,170328.32
818,A25,2004-12-01,274859.53
819,A26,2004-03-01,161220.05
820,A27,2004-01-15,343692.05
821,A28,2004-01-25,288305.37
822,A29,2005-01-17,201994.21
823,A30,2005-02-23,249323.26
824,A31,2005-01-02,105128.84
825,A32,2004-05-02,344312.67
826,A33,2005-02-28,325246.37
827,A34,2005-02-16,45750.9
828,A35,2005-02-23,334933.59
829,A36,2005-03-02,97465.08
830,A37,2006-04-02,452366.06
831,A38,2006-03-25,292430.72
832,A39,2006-03-31,343055.92
833,A40,2006-03-23,120215.85
834,A41,2004-03-19,2083.26
835,A42,2006-05-03,42728.74
836,A43,2005-04-04,335534.84
837,A44,2006-04-30,231843.43
838,A45,2004-04-25,487103.26
839,A46,2006-04-19,27793.48
840,A47,2004-06-04,12571.13
841,A48,2005-04-27,263768.71
842,A49,2004-05-05,142887.48
843,A21,2006-06-05,251831.71
844,A22,2005-07-05,487674.89
845,A23,2006-08-05,292923.27
846,A24,2005-09-05,409399.94
847,A25,2006-10-05,440972.58
848,A26,2006-11-07,213185.89
849,A27,2005-12-08,472123.57
850,A28,2004-05-05,256148.96
851,A29,2006-06-05,455584.39
852,A30,2005-07-05,300086.64
853,A31,2006-08-05,331748.17
854,A32,2005-09-05,90329.79
855,A33,2006-10-05,332753.94
856,A34,2006-11-07,48053.83
857,A35,2005-12-08,30190.67
858,A36,2004-09-13,429352.78
859,A37,2005-11-20,77611.47
860,A38,2006-11-21,101339.26
861,A39,2005-11-22,109700.84
862,A40,2004-11-23,429769.46
863,A41,2005-05-24,454992.2
864,A42,2005-05-25,111643.13
865,A43,2005-05-26,330997.36
866,A44,2005-05-27,289423.69
867,A45,2005-05-28,396162.6
868,A46,2005-05-29,14213.98
869,A47,2005-05-30,204145.31
870,A48,2005-05-31,419047.95
871,A49,2005-01-06,483021.66
872,A21,2005-02-06,177548.41
873,A22,2005-03-06,408935.99
874,A23,2005-03-07,230196.22
875,A24,2005-03-08,211262.36
876,A25,2005-03-09,336808.96
877,A26,2005-03-10,351333.85
878,A27,2005-03-11,409963.5
879,A28,2005-03-12,451630.26
880,A29,2006-03-01,321588.7
881,A30,2006-03-02,67056.51
882,A31,2006-03-03,396403.71
883,A32,2006-03-04,333042.82
884,A33,2006-03-05,365688.37
885,A34,2006-03-06,104781.85
886,A35,2006-03-07,235480.06
887,A36,2006-03-08,281120.31
888,A37,2006-03-09,257594.53
889,A38,2006-03-10,317309.23
890,A39,2006-03-11,129774.72
891,A40,2006-03-12,169786.15
892,A41,2004-12-01,18735.96
893,A42,2004-03-01,224382.18
894,A43,2004-01-15,471697.76
895,A44,2004-01-25,265167.47
896,A45,2005-01-17,269792.98
897,A46,2005-02-23,364811.08
898,A47,2005-01-02,336472.8
899,A48,2004-05-02,271307.19
900,A49,2005-02-28,215280.31
901,A21,2005-02-16,119478.97
902,A22,2005-02-23,156283.34
903,A23,2005-03-02,257483.09
904,A24,2006-04-02,448414.36
905,A25,2006-03-25,245734.17
906,A26,2006-03-31,80907.9
907,A27,2006-03-23,197081.46
908,A28,2006-03-24,391101.37
909,A29,2006-03-25,148410.96
910,A30,2006-03-26,284850.96
911,A31,2006-03-27,103429.79
912,A32,2006-03-28,53800.88
913,A33,2006-03-29,325726.44
914,A34,2006-03-30,305101.67
915,A35,2006-03-31,450091.26
916,A36,2006-01-04,399378.99
917,A37,2006-02-04,6520.7
918,A38,2006-03-04,268966.8
919,A39,2006-04-04,472407.74
920,A40,2004-12-01,66864.39
921,A41,2004-03-01,201577.8
922,A42,2004-01-15,325098.08
923,A43,2004-01-25,460035.02
924,A44,2004-12-01,254385.65
925,A45,2004-03-01,484956.45
926,A46,2004-01-15,271606.86
927,A47,2004-01-25,148034.75
928,A48,2004-12-01,337987.12
929,A49,2004-03-01,17782.65
930,A21,2004-01-15,394686.46
931,A22,2004-01-25,483628.45
932,A23,2004-12-01,59880.12
933,A24,2004-03-01,60524.44
934,A25,2004-01-15,269895.55
935,A26,2004-12-01,373029.85
936,A27,2004-03-01,264885.99
937,A28,2004-01-15,26178.74
938,A29,2004-01-25,377774.78
939,A30,2005-01-17,228554.19
940,A31,2005-02-23,449928.27
941,A32,2005-01-02,87918.4
942,A33,2004-05-02,450994.42
943,A34,2005-02-28,335593.79
944,A35,2005-02-16,426900.84
945,A36,2005-02-23,21604.11
946,A37,2005-03-02,106349.22
947,A38,2006-04-02,454329.84
948,A39,2006-03-25,353168.42
949,A40,2006-03-31,497928.27
950,A41,2006-03-23,34864.39
951,A42,2004-03-19,145220.06
952,A43,2006-05-03,226603.19
953,A44,2005-04-04,30292.86
954,A45,2006-04-30,399512.02
955,A46,2004-04-25,466385.82
956,A47,2006-04-19,161681.87
957,A48,2004-06-04,305095.45
958,A49,2005-04-27,170167.31
959,A21,2004-05-05,240280.45
960,A22,2006-06-05,321692.62
961,A23,2005-07-05,447036.46
962,A24,2006-08-05,479204.19
963,A25,2005-09-05,470071.81
964,A26,2006-10-05,378240.89
965,A27,2006-11-07,241912.5
966,A28,2005-12-08,437823.07
967,A29,2004-05-05,425476.33
968,A30,2006-06-05,294475.79
969,A31,2005-07-05,454736.04
970,A32,2006-08-05,140419.08
971,A33,2005-09-05,326761.68
972,A34,2006-10-05,197323.24
973,A35,2006-11-07,169368.97
974,A36,2005-12-08,17377.12
975,A37,2004-09-13,25958.96
976,A38,2005-11-20,404271.91
977,A39,2006-11-21,31957.37
978,A40,2005-11-22,236821.08
979,A41,2004-11-23,55.86
980,A42,2005-05-24,473177.1
981,A43,2005-05-25,89907.47
982,A44,2005-05-26,410817.5
983,A45,2005-05-27,26949.28
984,A46,2005-05-28,175753.7
985,A47,2005-05-29,214550.57
986,A48,2005-05-30,386873.69
987,A49,2005-05-31,160090.81
988,A36,2005-01-06,165533.79
989,A37,2005-02-06,236079.8
990,A38,2005-03-06,29532.29
991,A39,2005-03-07,343050.41
992,A40,2005-03-08,488742.81
993,A41,2005-03-09,4110
994,A42,2005-03-10,197897.82
995,A43,2005-03-11,454364.16
996,A44,2005-03-12,79696.21
997,A45,2006-03-01,293895.7
998,A46,2006-03-02,494046.29
999,A47,2006-03-03,427648.26
1000,A48,2006-03-04,87359.12
1001,A49,2006-03-05,490018.55
1002,A50,2006-03-06,206150.39
1003,A51,2006-03-07,163270.13
1004,A52,2006-03-08,442850.42
1005,A53,2006-03-09,249254.51
1006,A54,2006-03-10,241392.8
1007,A55,2006-03-11,185268.15
1008,A56,2006-03-12,162103.09
1009,A57,2004-12-01,440988.05
1010,A58,2004-03-01,31977.43
1011,A59,2004-01-15,493825.73
1012,A60,2004-01-25,344020.41
1013,A61,2005-01-17,379523.96
1014,A60,2005-02-23,240977.23
1015,A61,2005-01-02,313358.18
1016,A62,2004-05-02,113317.83
1017,A36,2005-02-28,167165.67
1018,A37,2005-02-16,407707.96
1019,A38,2005-02-23,345188.99
1020,A39,2005-03-02,108573.87
1021,A40,2006-04-02,341053.68
1022,A41,2006-03-25,174590.36
1023,A42,2006-03-31,20801.9
1024,A43,2006-03-23,355639.39
1025,A44,2006-03-24,23948.9
1026,A45,2006-03-25,218575.36
1027,A46,2006-03-26,255642.28
1028,A47,2006-03-27,84875.97
1029,A48,2006-03-28,480592.61
1030,A49,2006-03-29,393595.5
1031,A50,2006-03-30,106204.98
1032,A51,2006-03-31,272046.55
1033,A52,2006-01-04,246776.64
1034,A53,2006-02-04,493590.96
1035,A54,2006-03-04,238637.76
1036,A55,2006-04-04,243784.94
1037,A56,2004-12-01,9115.82
1038,A57,2004-03-01,306326.87
1039,A58,2004-01-15,139374.06
1040,A59,2004-01-25,465841.15
1041,A60,2004-12-01,327400.02
1042,A61,2004-03-01,250703.65
1043,A60,2004-01-15,398368.06
1044,A61,2004-01-25,274783.02
1045,A62,2004-12-01,352524.33
1046,A36,2004-03-01,122486.54
1047,A37,2004-01-15,99996.58
1048,A38,2004-01-25,95843.84
1049,A39,2004-12-01,219448.13
1050,A40,2004-03-01,213328.24
1051,A41,2004-01-15,278335.94
1052,A42,2004-12-01,345966.81
1053,A43,2004-03-01,80468.88
1054,A44,2004-01-15,219899.68
1055,A45,2004-01-25,181578.48
1056,A46,2005-01-17,274581.94
1057,A47,2005-02-23,399353.44
1058,A48,2005-01-02,127400.48
1059,A49,2004-05-02,310611.03
1060,A50,2005-02-28,29753.02
1061,A51,2005-02-16,295108.43
1062,A52,2005-02-23,42341.42
1063,A53,2005-03-02,329570.28
1064,A54,2006-04-02,394830.51
1065,A55,2006-03-25,344561.38
1066,A56,2006-03-31,139586.67
1067,A57,2006-03-23,78544.42
1068,A58,2004-03-19,328774.35
1069,A59,2006-05-03,221678.04
1070,A60,2005-04-04,293495.93
1071,A61,2006-04-30,492378.08
1072,A60,2004-04-25,471236.83
1073,A61,2006-04-19,477432.68
1074,A62,2004-06-04,200155.07
1075,A36,2005-04-27,48039.88
1076,A37,2004-05-05,44579.08
1077,A38,2006-06-05,80172.2
1078,A39,2005-07-05,453417.45
1079,A40,2006-08-05,75991.64
1080,A41,2005-09-05,146021.03
1081,A42,2006-10-05,408702.05
1082,A43,2006-11-07,355871.15
1083,A44,2005-12-08,188094.3
1084,A45,2004-05-05,56814.29
1085,A46,2006-06-05,416991.24
1086,A47,2005-07-05,453048.51
1087,A48,2006-08-05,291853.29
1088,A49,2005-09-05,272829.68
1089,A50,2006-10-05,213679.23
1090,A51,2006-11-07,407154.67
1091,A52,2005-12-08,35505.11
1092,A53,2004-09-13,304492.5
1093,A54,2005-11-20,469918.75
1094,A55,2006-11-21,18518.41
1095,A56,2005-11-22,193204.97
1096,A57,2004-11-23,103841.25
1097,A58,2005-05-24,48581.88
1098,A59,2005-05-25,311132.81
1099,A60,2005-05-26,470905.99
1100,A61,2005-05-27,425132.51
1101,A60,2005-05-28,318410.3
1102,A61,2005-05-29,143633.16
1103,A62,2005-05-30,424135.9
1104,A36,2005-05-31,316914.74
1105,A37,2005-01-06,370914.62
1106,A38,2005-02-06,185739.75
1107,A39,2005-03-06,235033.71
1108,A40,2005-03-07,242107.49
1109,A41,2005-03-08,6865.68
1110,A42,2005-03-09,3937.81
1111,A43,2005-03-10,415860.27
1112,A44,2005-03-11,431079.67
1113,A45,2005-03-12,410935.52
1114,A46,2006-03-01,417493.07
1115,A47,2006-03-02,20956.5
1116,A48,2006-03-03,438025.57
1117,A49,2006-03-04,338035.97
1118,A50,2006-03-05,242446.75
1119,A51,2006-03-06,309674.92
1120,A52,2006-03-07,470475.57
1121,A53,2006-03-08,50308.75
1122,A54,2006-03-09,490775.95
1123,A55,2006-03-10,201404.18
1124,A56,2006-03-11,310371.26
1125,A57,2006-03-12,194338.11
1126,A58,2004-12-01,229993.67
1127,A59,2004-03-01,122801.18
1128,A60,2004-01-15,73528.67
1129,A61,2004-01-25,22660.5
1130,A60,2005-01-17,76322.99
1131,A61,2005-02-23,113049.21
1132,A62,2005-01-02,217528.5
1133,A36,2004-05-02,498238.63
1134,A37,2005-02-28,4723.41
1135,A38,2005-02-16,77653.56
1136,A39,2005-02-23,196307.11
1137,A40,2005-03-02,88240.86
1138,A41,2006-04-02,121807.91
1139,A42,2006-03-25,42983.77
1140,A43,2006-03-31,2561.06
1141,A44,2006-03-23,184547.57
1142,A45,2006-03-24,181649.04
1143,A46,2006-03-25,272345.45
1144,A47,2006-03-26,294130.86
1145,A48,2006-03-27,126055.47
1146,A49,2006-03-28,470885.58
1147,A50,2006-03-29,373924.08
1148,A51,2006-03-30,12217.2
1149,A52,2006-03-31,320482.17
1150,A53,2006-01-04,269353.5
1151,A54,2006-02-04,337247.97
1152,A55,2006-03-04,356937.28
1153,A56,2006-04-04,456814.78
1154,A57,2004-12-01,497223.08
1155,A58,2004-03-01,30540.35
1156,A59,2004-01-15,254230.01
1157,A60,2004-01-25,196802.28
1158,A61,2004-12-01,390380.18
1159,A60,2004-03-01,487241.12
1160,A61,2004-01-15,300217.24
1161,A62,2004-01-25,247068.28
1162,A36,2004-12-01,209008.14
1163,A37,2004-03-01,186510.96
1164,A38,2004-01-15,232352.49
1165,A39,2004-01-25,247152.18
1166,A40,2004-12-01,74607.54
1167,A41,2004-03-01,69094.52
1168,A42,2004-01-15,177932.57
1169,A43,2004-12-01,226307.37
1170,A44,2004-03-01,271526.06
1171,A45,2004-01-15,357873.8
1172,A46,2004-01-25,13614.32
1173,A47,2005-01-17,286012.09
1174,A48,2005-02-23,98805.74
1175,A49,2005-01-02,262975.77
1176,A50,2004-05-02,240576.07
1177,A51,2005-02-28,214135.31
1178,A52,2005-02-16,251012.55
1179,A53,2005-02-23,79923.09
1180,A54,2005-03-02,381877.88
1181,A55,2006-04-02,364518.29
1182,A56,2006-03-25,59694.75
1183,A57,2006-03-31,495646.28
1184,A58,2006-03-23,263028.06
1185,A59,2004-03-19,175922.46
1186,A60,2006-05-03,80510.35
1187,A61,2005-04-04,277482.68
1188,A60,2006-04-30,65442.61
1189,A61,2004-04-25,388527.73
1190,A62,2006-04-19,29083.79
1191,A36,2004-06-04,63637.32
1192,A37,2005-04-27,49279.16
1193,A38,2004-05-05,74133.81
1194,A39,2006-06-05,73591.59
1195,A40,2005-07-05,12245.37
1196,A41,2006-08-05,238512.8
1197,A42,2005-09-05,328130.36
1198,A43,2006-10-05,93174.27
1199,A44,2006-11-07,285921.61
1200,A45,2005-12-08,226289.58
1201,A46,2005-01-17,263405.92
1202,A47,2005-02-23,100763.66
1203,A48,2005-01-02,95816.22
1204,A49,2004-05-02,442503.44
1205,A50,2005-02-28,251256.98
1206,A51,2005-02-16,6145.92
1207,A52,2005-02-23,91991.28
1208,A53,2005-03-02,498258.64
1209,A54,2006-04-02,372411.25
1210,A55,2006-03-25,132121.96
1211,A56,2006-03-31,432523.44
1212,A57,2006-03-23,199804.67
1213,A58,2004-03-19,307823.64
1214,A59,2006-05-03,358336.67
1215,A60,2005-04-04,442888.86
1216,A61,2006-04-30,14909.17
1217,A60,2004-04-25,397275.55
1218,A61,2006-04-19,266925.06
1219,A62,2004-06-04,433918.93
1220,A36,2005-04-27,495838.08
1221,A37,2004-05-05,139979.71
1222,A38,2006-06-05,85283.88
1223,A39,2005-07-05,382742.75
1224,A40,2006-08-05,361842.72
1225,A41,2005-09-05,126434.28
1226,A42,2006-10-05,479208.1
1227,A43,2006-11-07,448064.38
1228,A44,2005-12-08,351400.42
1229,A45,2004-09-13,64774.66
1230,A46,2005-11-20,410656.47
1231,A47,2006-11-21,32967.03
1232,A48,2005-11-22,386282.74
1233,A49,2004-11-23,78156.9
1234,A50,2005-05-24,8304.43
1235,A51,2005-05-25,74206.01
1236,A52,2005-05-26,145665.69
1237,A53,2005-05-27,189288.06
1238,A54,2005-05-28,178099.91
1239,A55,2005-05-29,129221.35
1240,A56,2005-05-30,400670.11
1241,A57,2005-05-31,294320.87
1242,A58,2005-01-06,463913.14
1243,A59,2005-02-06,10582.36
1244,A60,2005-03-06,209871.15
1245,A61,2005-03-07,299897.35
1246,A60,2005-03-08,49639.08
1247,A61,2005-03-09,154662.73
1248,A62,2005-03-10,162860.73
1249,A36,2005-03-11,72423.76
1250,A37,2005-03-12,343316.99
1251,A38,2006-03-01,296062.71
1252,A39,2006-03-02,452779.82
1253,A40,2006-03-03,46566.5
1254,A41,2006-03-04,147383
1255,A42,2006-03-05,121375.83
1256,A43,2006-03-06,23525.91
1257,A44,2006-03-07,216041.38
1258,A45,2006-03-08,205479.86
1259,A46,2006-03-09,23892.79
1260,A47,2006-03-10,358785.8
1261,A48,2006-03-11,243913.61
1262,A49,2006-03-12,60465.21
1263,A50,2004-12-01,326576.81
1264,A51,2004-03-01,388214.09
1265,A52,2004-01-15,489602.43
1266,A53,2004-01-25,11268.5
1267,A54,2005-01-17,203500.63
1268,A55,2005-02-23,227481.16
1269,A56,2005-01-02,114515.1
1270,A57,2004-05-02,227773.43
1271,A58,2005-02-28,472059.04
1272,A59,2005-02-16,241955.01
1273,A60,2005-02-23,392510.5
1274,A61,2005-03-02,483148.94
1275,A60,2006-04-02,357159.38
1276,A61,2006-03-25,209308.38
1277,A62,2006-03-31,365580.94
1278,A36,2006-03-23,345065.63
1279,A37,2006-03-24,265079.98
1280,A38,2006-03-25,144010.86
1281,A39,2006-03-26,268630.62
1282,A40,2006-03-27,114173.32
1283,A41,2006-03-28,200769.31
1284,A42,2006-03-29,112818.01
1285,A43,2006-03-30,408473.76
1286,A44,2006-03-31,172860.76
1287,A45,2006-01-04,372124.51
1288,A46,2006-02-04,189830.78
1289,A47,2006-03-04,343035.67
1290,A48,2006-04-04,193744.98
1291,A49,2004-12-01,158492.96
1292,A50,2004-03-01,130448.63
1293,A51,2004-01-15,442135.48
1294,A52,2004-01-25,120208.05
1295,A53,2004-12-01,29037.81
1296,A54,2004-03-01,490081
1297,A55,2004-01-15,316028.99
1298,A56,2004-01-25,27422.08
1299,A57,2004-12-01,266752.62
1300,A58,2004-03-01,71289.84
1301,A59,2004-01-15,76539.5
1302,A60,2004-01-25,114865.73
1303,A61,2004-12-01,10353.52
1304,A60,2004-03-01,79983.14
1305,A61,2004-01-15,126629.86
1306,A62,2004-12-01,397129.81
1307,A36,2004-03-01,327297.15
1308,A37,2004-01-15,212293.63
1309,A38,2004-01-25,318585.14
1310,A39,2005-01-17,244332.47
1311,A40,2005-02-23,9642.77
1312,A41,2005-01-02,151703.5
1313,A42,2004-05-02,21545.71
1314,A43,2005-02-28,279634.66
1315,A44,2005-02-16,495947.66
1316,A45,2005-02-23,465097.84
1317,A46,2005-03-02,301106.89
1318,A47,2006-04-02,439922.04
1319,A48,2006-03-25,488307.93
1320,A49,2006-03-31,264136.91
1321,A50,2006-03-23,427345.16
1322,A51,2004-03-19,40944.31
1323,A52,2006-05-03,325457.14
1324,A53,2005-04-04,339645.86
1325,A54,2006-04-30,449605.95
1326,A55,2004-04-25,19052.19
1327,A56,2006-04-19,313446.31
1328,A57,2004-06-04,290318.29
1329,A58,2005-04-27,118652.56
1330,A59,2004-05-05,188806.32
1331,A60,2006-06-05,4328.28
1332,A61,2005-07-05,300765.73
1333,A60,2006-08-05,204437.87
1334,A61,2005-09-05,455414.03
1335,A62,2006-10-05,333931.24
1336,A36,2006-11-07,213919.73
1337,A37,2005-12-08,368760.27
1338,A38,2004-09-13,345877.86
1339,A39,2005-11-20,411995.72
1340,A40,2006-11-21,158553.86
1341,A41,2005-11-22,222973.42
1342,A42,2004-11-23,362899.7
1343,A43,2005-05-24,371725.97
1344,A44,2005-05-25,316407.62
1345,A45,2004-05-05,10405.48
1346,A46,2006-06-05,388392.43
1347,A47,2005-07-05,173964.56
1348,A48,2006-08-05,469730.31
1349,A49,2005-09-05,41582.38
1350,A50,2006-10-05,121273.54
1351,A51,2006-11-07,415217.08
1352,A52,2005-12-08,345394.74
1353,A53,2004-09-13,102929.32
1354,A54,2005-11-20,233706.14
1355,A55,2006-11-21,93579.24
1356,A56,2005-11-22,203251.42
1357,A57,2004-11-23,105865.88
1358,A58,2005-05-24,241401.66
1359,A59,2005-05-25,176964.24
1360,A60,2005-05-26,191817.83
1361,A61,2005-05-27,494436.86
1362,A60,2005-01-17,367052.39
1363,A61,2005-02-23,4270.82
1364,A62,2005-01-02,147917.74
1365,A36,2004-05-02,8684.4
1366,A37,2005-02-28,135124.83
1367,A38,2005-02-16,488509.37
1368,A39,2005-02-23,455199.85
1369,A40,2005-03-02,498705.93
1370,A41,2006-04-02,236112.79
1371,A42,2006-03-25,215169.32
1372,A43,2006-03-31,385497.32
1373,A44,2006-03-23,314865.2
1374,A45,2004-03-19,469461.95
1375,A46,2006-05-03,87541.8
1376,A47,2005-04-04,67703.39
1377,A48,2006-04-30,469317.86
1378,A49,2004-04-25,331737.44
1379,A50,2006-04-19,400356.35
1380,A51,2004-06-04,315663.16
1381,A52,2005-04-27,186362.03
1382,A53,2004-05-05,389063.67
1383,A54,2006-06-05,316239.38
1384,A55,2005-07-05,280192.28
1385,A56,2006-08-05,307906.07
1386,A57,2005-09-05,213950.24
1387,A58,2006-10-05,2885.23
1388,A59,2006-11-07,248922.33
1389,A60,2005-12-08,380378.98
1390,A61,2004-09-13,197912.13
1391,A60,2005-11-20,294357.01
1392,A61,2006-11-21,423828.84
1393,A62,2005-11-22,301368.91
1394,A36,2004-11-23,110114.4
1395,A37,2005-05-24,418293.51
1396,A38,2005-05-25,403693.93
1397,A39,2005-05-26,368886.48
1398,A40,2005-05-27,375790.65
1399,A41,2005-05-28,405799.97
1400,A42,2005-05-29,281673.17
1401,A43,2005-05-30,386613.63
1402,A44,2005-05-31,319725.99
1403,A45,2005-01-06,303151.38
1404,A46,2005-02-06,341607.11
1405,A47,2005-03-06,341903.77
1406,A48,2005-03-07,286146.08
1407,A49,2005-03-08,321122.85
1408,A50,2005-03-09,291161.44
1409,A51,2005-03-10,78996.7
1410,A52,2005-03-11,107869.48
1411,A53,2005-03-12,457386.2
1412,A54,2006-03-01,313826.33
1413,A55,2006-03-02,460990.55
1414,A56,2006-03-03,263951.05
1415,A57,2006-03-04,77377.57
1416,A58,2006-03-05,384545.52
1417,A59,2006-03-06,379170.05
1418,A60,2006-03-07,273877.36
1419,A61,2006-03-08,197804.13
1420,A60,2006-03-09,348314.61
1421,A61,2006-03-10,289863.84
1422,A62,2006-03-11,496752.69
1423,A36,2006-03-12,146321.26
1424,A37,2004-12-01,475932.34
1425,A38,2004-03-01,380510.36
1426,A39,2004-01-15,34423.35
1427,A40,2004-01-25,75969.07
1428,A41,2005-01-17,339184.49
1429,A42,2005-02-23,454667.52
1430,A43,2005-01-02,484212.27
1431,A44,2004-05-02,113508.29
1432,A45,2005-02-28,73404.9
1433,A46,2005-02-16,323510.57
1434,A47,2005-02-23,142961.13
1435,A48,2005-03-02,95479.2
1436,A49,2006-04-02,15546.35
1437,A50,2006-03-25,480565.12
1438,A51,2006-03-31,14203.78
1439,A52,2006-03-23,350749.3
1440,A53,2006-03-24,199377.19
1441,A54,2006-03-25,100719.74
1442,A55,2006-03-26,6998.51
1443,A56,2006-03-27,491227.07
1444,A57,2006-03-28,272993.36
1445,A58,2006-03-29,451134.94
1446,A59,2006-03-30,267436.51
1447,A60,2006-03-31,28857.2
1448,A61,2006-01-04,493770.08
1449,A60,2006-02-04,357154.87
1450,A61,2006-03-04,445448
1451,A62,2006-04-04,164796.79
1452,A63,2004-12-01,372179.26
1453,A36,2004-03-01,224759.64
1454,A37,2004-01-15,172120.27
1455,A38,2004-01-25,73381.99
1456,A39,2004-12-01,257117.37
1457,A40,2004-03-01,30789.11
1458,A41,2004-01-15,365627.28
1459,A42,2004-01-25,464675.51
1460,A43,2004-12-01,296859.59
1461,A44,2004-03-01,472428.57
1462,A45,2004-01-15,195249.7
1463,A46,2004-01-25,112370.26
1464,A47,2004-12-01,148075.49
1465,A48,2004-03-01,380432.38
1466,A49,2004-01-15,148187.72
1467,A50,2004-12-01,25086.07
1468,A51,2004-03-01,82082.48
1469,A52,2004-01-15,63849.18
1470,A53,2004-01-25,428893.02
1471,A54,2005-01-17,146991.03
1472,A55,2005-02-23,71140.33
1473,A56,2005-01-02,55025.09
1474,A57,2004-05-02,285552.8
1475,A58,2005-02-28,91583.97
1476,A59,2005-02-16,337836.23
1477,A60,2005-02-23,14227.86
1478,A61,2005-03-02,432084.39
1479,A60,2006-04-02,398856.11
1480,A61,2006-03-25,173324.28
1481,A62,2006-03-31,180670.24
1482,A56,2006-03-23,113871.65
1483,A57,2004-03-19,207786.09
1484,A58,2006-05-03,8746.94
1485,A59,2005-04-04,16652.72
1486,A60,2006-04-30,183029.6
1487,A61,2004-04-25,233180.43
1488,A60,2006-04-19,187041.66
1489,A61,2004-06-04,322806.69
1490,A62,2005-04-27,287805.43
1491,A63,2004-05-05,416676.34
1492,A64,2006-06-05,110614.61
1493,A65,2005-07-05,230667.34
1494,A66,2006-08-05,113094.58
1495,A67,2005-09-05,55638.77
1496,A68,2006-10-05,319836.49
1497,A69,2006-11-07,247628.45
1498,A70,2005-12-08,454016.51
1499,A71,2004-09-13,56286.33
